S.No,Parliament Constituency,Winning Candidate,Total Votes,Margin,Link
1,Anakapalle(5),C.M.RAMESH,762069,296530,https://results.eci.gov.in/PcResultGenJune2024/candidateswise-S015.htm
2,Rajahmundry(8),DAGGUBATI PURANDHESHWARI,726515,239139,https://results.eci.gov.in/PcResultGenJune2024/candidateswise-S018.htm
3,Narsapuram(9),BHUPATHI RAJU SRINIVASA VARMA (B.J.P.VARMA),707343,276802,https://results.eci.gov.in/PcResultGenJune2024/candidateswise-S019.htm
4,Arunachal West(1),KIREN RIJIJU,205417,100738,https://results.eci.gov.in/PcResultGenJune2024/candidateswise-S021.htm
5,Arunachal East(2),TAPIR GAO,145581,30421,https://results.eci.gov.in/PcResultGenJune2024/candidateswise-S022.htm
6,Darrang-Udalguri(4),DILIP SAIKIA,868387,329012,https://results.eci.gov.in/PcResultGenJune2024/candidateswise-S034.htm
7,Guwahati(5),BIJULI KALITA MEDHI,894887,251090,https://results.eci.gov.in/PcResultGenJune2024/candidateswise-S035.htm
8,Diphu(6),AMARSING TISSO,334620,147603,https://results.eci.gov.in/PcResultGenJune2024/candidateswise-S036.htm
9,Karimganj(7),KRIPANATH MALLAH,545093,18360,https://results.eci.gov.in/PcResultGenJune2024/candidateswise-S037.htm
10,Silchar (8),PARIMAL SUKLABAIDYA,652405,264311,https://results.eci.gov.in/PcResultGenJune2024/candidateswise-S038.htm
11,Kaziranga(10),KAMAKHYA PRASAD TASA,897043,248947,https://results.eci.gov.in/PcResultGenJune2024/candidateswise-S0310.htm
12,Sonitpur(11),RANJIT DUTTA,775788,361408,https://results.eci.gov.in/PcResultGenJune2024/candidateswise-S0311.htm
13,Lakhimpur(12),PRADAN BARUAH,663122,201257,https://results.eci.gov.in/PcResultGenJune2024/candidateswise-S0312.htm
14,Dibrugarh(13),SARBANANDA SONOWAL,693762,279321,https://results.eci.gov.in/PcResultGenJune2024/candidateswise-S0313.htm
15,Paschim Champaran(2),DR.SANJAY JAISWAL,580421,136568,https://results.eci.gov.in/PcResultGenJune2024/candidateswise-S042.htm
16,Purvi Champaran(3),RADHA MOHAN SINGH,542193,88287,https://results.eci.gov.in/PcResultGenJune2024/candidateswise-S043.htm
17,Madhubani(6),ASHOK KUMAR YADAV,553428,151945,https://results.eci.gov.in/PcResultGenJune2024/candidateswise-S046.htm
18,Araria(9),PRADEEP KUMAR SINGH,600146,20094,https://results.eci.gov.in/PcResultGenJune2024/candidateswise-S049.htm
19,Darbhanga(14),GOPAL JEE THAKUR,566630,178156,https://results.eci.gov.in/PcResultGenJune2024/candidateswise-S0414.htm
20,Muzaffarpur(15),RAJ BHUSHAN CHOUDHARY,619749,234927,https://results.eci.gov.in/PcResultGenJune2024/candidateswise-S0415.htm
21,Maharajganj(19),"JANARDAN SINGH ""SIGRIWAL""",529533,102651,https://results.eci.gov.in/PcResultGenJune2024/candidateswise-S0419.htm
22,Saran(20),RAJIV PRATAP RUDY,471752,13661,https://results.eci.gov.in/PcResultGenJune2024/candidateswise-S0420.htm
23,Ujiarpur(22),NITYANAND RAI,515965,60102,https://results.eci.gov.in/PcResultGenJune2024/candidateswise-S0422.htm
24,Begusarai(24),GIRIRAJ SINGH,649331,81480,https://results.eci.gov.in/PcResultGenJune2024/candidateswise-S0424.htm
25,Patna Sahib(30),RAVI SHANKAR PRASAD,588270,153846,https://results.eci.gov.in/PcResultGenJune2024/candidateswise-S0430.htm
26,Nawada(39),VIVEK THAKUR,410608,67670,https://results.eci.gov.in/PcResultGenJune2024/candidateswise-S0439.htm
27,North Goa(1),SHRIPAD YESSO NAIK,257326,116015,https://results.eci.gov.in/PcResultGenJune2024/candidateswise-S051.htm
28,Kachchh(1),CHAVDA VINOD LAKHAMSHI,659574,268782,https://results.eci.gov.in/PcResultGenJune2024/candidateswise-S061.htm
29,Patan(3),DABHI  BHARATSINHJI  SHANKARJI,591947,31876,https://results.eci.gov.in/PcResultGenJune2024/candidateswise-S063.htm
30,Mahesana(4),HARIBHAI PATEL,686406,328046,https://results.eci.gov.in/PcResultGenJune2024/candidateswise-S064.htm
31,Sabarkantha(5),SHOBHANABEN MAHENDRASINH BARAIYA,677318,155682,https://results.eci.gov.in/PcResultGenJune2024/candidateswise-S065.htm
32,Gandhinagar(6),AMIT SHAH,1010972,744716,https://results.eci.gov.in/PcResultGenJune2024/candidateswise-S066.htm
33,Ahmedabad East(7),HASMUKHBHAI PATEL (H.S.PATEL),770459,461755,https://results.eci.gov.in/PcResultGenJune2024/candidateswise-S067.htm
34,Ahmedabad West(8),DINESHBHAI MAKWANA (ADVOCATE),611704,286437,https://results.eci.gov.in/PcResultGenJune2024/candidateswise-S068.htm
35,Surendranagar(9),CHANDUBHAI CHHAGANBHAI SHIHORA,669749,261617,https://results.eci.gov.in/PcResultGenJune2024/candidateswise-S069.htm
36,Rajkot(10),PARSHOTTAMBHAI RUPALA,857984,484260,https://results.eci.gov.in/PcResultGenJune2024/candidateswise-S0610.htm
37,Porbandar(11),DR. MANSUKH MANDAVIYA,633118,383360,https://results.eci.gov.in/PcResultGenJune2024/candidateswise-S0611.htm
38,Jamnagar(12),POONAMBEN HEMATBHAI MAADAM,620049,238008,https://results.eci.gov.in/PcResultGenJune2024/candidateswise-S0612.htm
39,Junagadh(13),CHUDASAMA RAJESHBHAI NARANBHAI,584049,135494,https://results.eci.gov.in/PcResultGenJune2024/candidateswise-S0613.htm
40,Amreli(14),BHARATBHAI MANUBHAI SUTARIYA,580872,321068,https://results.eci.gov.in/PcResultGenJune2024/candidateswise-S0614.htm
41,Bhavnagar(15),NIMUBEN JAYANTIBHAI BAMBHANIYA (NIMUBEN BAMBHANIYA),716883,455289,https://results.eci.gov.in/PcResultGenJune2024/candidateswise-S0615.htm
42,Anand(16),MITESH PATEL (BAKABHAI),612484,89939,https://results.eci.gov.in/PcResultGenJune2024/candidateswise-S0616.htm
43,Kheda(17),DEVUSINH CHAUHAN,744435,357758,https://results.eci.gov.in/PcResultGenJune2024/candidateswise-S0617.htm
44,Panchmahal(18),RAJPALSINH MAHENDRASINH JADAV,794579,509342,https://results.eci.gov.in/PcResultGenJune2024/candidateswise-S0618.htm
45,Dahod(19),JASWANTSINH SUMANBHAI BHABHOR,688715,333677,https://results.eci.gov.in/PcResultGenJune2024/candidateswise-S0619.htm
46,Vadodara(20),DR. HEMANG JOSHI,873189,582126,https://results.eci.gov.in/PcResultGenJune2024/candidateswise-S0620.htm
47,Chhota Udaipur(21),JASHUBHAI BHILUBHAI RATHVA,796589,398777,https://results.eci.gov.in/PcResultGenJune2024/candidateswise-S0621.htm
48,Bharuch(22),MANSUKHBHAI DHANJIBHAI VASAVA,608157,85696,https://results.eci.gov.in/PcResultGenJune2024/candidateswise-S0622.htm
49,Bardoli(23),PARBHUBHAI NAGARBHAI VASAVA,763950,230253,https://results.eci.gov.in/PcResultGenJune2024/candidateswise-S0623.htm
50,Surat(24),MUKESHKUMAR CHANDRAKAANT DALAL (Uncontested),-,-,https://results.eci.gov.in/PcResultGenJune2024/candidateswise-S0624.htm
51,Navsari(25),C R PATIL,1031065,773551,https://results.eci.gov.in/PcResultGenJune2024/candidateswise-S0625.htm
52,Valsad(26),DHAVAL LAXMANBHAI PATEL,764226,210704,https://results.eci.gov.in/PcResultGenJune2024/candidateswise-S0626.htm
53,KURUKSHETRA(2),NAVEEN JINDAL,542175,29021,https://results.eci.gov.in/PcResultGenJune2024/candidateswise-S072.htm
54,KARNAL(5),MANOHAR LAL,739285,232577,https://results.eci.gov.in/PcResultGenJune2024/candidateswise-S075.htm
55,BHIWANI-MAHENDRAGARH(8),DHARAMBIR SINGH,588664,41510,https://results.eci.gov.in/PcResultGenJune2024/candidateswise-S078.htm
56,GURGAON(9),RAO INDERJIT SINGH,808336,75079,https://results.eci.gov.in/PcResultGenJune2024/candidateswise-S079.htm
57,FARIDABAD(10),KRISHAN PAL,788569,172914,https://results.eci.gov.in/PcResultGenJune2024/candidateswise-S0710.htm
58,KANGRA(1),DR RAJEEV BHARDWAJ,632793,251895,https://results.eci.gov.in/PcResultGenJune2024/candidateswise-S081.htm
59,MANDI(2),KANGNA RANAUT,537022,74755,https://results.eci.gov.in/PcResultGenJune2024/candidateswise-S082.htm
60,HAMIRPUR(3),ANURAG SINGH THAKUR,607068,182357,https://results.eci.gov.in/PcResultGenJune2024/candidateswise-S083.htm
61,SHIMLA(4),Suresh Kumar Kashyap,519748,91451,https://results.eci.gov.in/PcResultGenJune2024/candidateswise-S084.htm
62,Belgaum(2),JAGADISH SHETTAR,762029,178437,https://results.eci.gov.in/PcResultGenJune2024/candidateswise-S102.htm
63,Bagalkot(3),GADDIGOUDAR. PARVATAGOUDA. CHANDANAGOUDA.,671039,68399,https://results.eci.gov.in/PcResultGenJune2024/candidateswise-S103.htm
64,Bijapur(4),RAMESH JIGAJINAGI,672781,77229,https://results.eci.gov.in/PcResultGenJune2024/candidateswise-S104.htm
65,Haveri(10),BASAVARAJ BOMMAI,705538,43513,https://results.eci.gov.in/PcResultGenJune2024/candidateswise-S1010.htm
66,Dharwad(11),PRALHAD JOSHI,716231,97324,https://results.eci.gov.in/PcResultGenJune2024/candidateswise-S1011.htm
67,Uttara Kannada(12),VISHWESHWAR HEGDE KAGERI,782495,337428,https://results.eci.gov.in/PcResultGenJune2024/candidateswise-S1012.htm
68,Shimoga(14),B.Y.RAGHAVENDRA,778721,243715,https://results.eci.gov.in/PcResultGenJune2024/candidateswise-S1014.htm
69,Udupi Chikmagalur(15),KOTA SRINIVAS POOJARY,732234,259175,https://results.eci.gov.in/PcResultGenJune2024/candidateswise-S1015.htm
70,Dakshina Kannada(17),CAPTAIN BRIJESH CHOWTA,764132,149208,https://results.eci.gov.in/PcResultGenJune2024/candidateswise-S1017.htm
71,Chitradurga(18),GOVIND MAKTHAPPA KARJOL,684890,48121,https://results.eci.gov.in/PcResultGenJune2024/candidateswise-S1018.htm
72,Tumkur(19),V. SOMANNA,720946,175594,https://results.eci.gov.in/PcResultGenJune2024/candidateswise-S1019.htm
73,Mysore(21),YADUVEER KRISHNADATTA CHAMARAJA WADIYAR,795503,139262,https://results.eci.gov.in/PcResultGenJune2024/candidateswise-S1021.htm
74,Bangalore Rural(23),DR C N MANJUNATH,1079002,269647,https://results.eci.gov.in/PcResultGenJune2024/candidateswise-S1023.htm
75,Bangalore North(24),SHOBHA KARANDLAJE,986049,259476,https://results.eci.gov.in/PcResultGenJune2024/candidateswise-S1024.htm
76,Bangalore central(25),P C MOHAN,658915,32707,https://results.eci.gov.in/PcResultGenJune2024/candidateswise-S1025.htm
77,Bangalore South(26),TEJASVI SURYA,750830,277083,https://results.eci.gov.in/PcResultGenJune2024/candidateswise-S1026.htm
78,Chikkballapur(27),DR.K.SUDHAKAR,822619,163460,https://results.eci.gov.in/PcResultGenJune2024/candidateswise-S1027.htm
79,Thrissur(10),SURESH GOPI,412338,74686,https://results.eci.gov.in/PcResultGenJune2024/candidateswise-S1110.htm
80,MORENA(1),SHIVMANGAL SINGH TOMAR,515477,52530,https://results.eci.gov.in/PcResultGenJune2024/candidateswise-S121.htm
81,BHIND(2),SANDHYA RAY,537065,64840,https://results.eci.gov.in/PcResultGenJune2024/candidateswise-S122.htm
82,GWALIOR(3),BHARAT SINGH KUSHWAH,671535,70210,https://results.eci.gov.in/PcResultGenJune2024/candidateswise-S123.htm
83,GUNA(4),JYOTIRADITYA M. SCINDIA,923302,540929,https://results.eci.gov.in/PcResultGenJune2024/candidateswise-S124.htm
84,SAGAR(5),DR. LATA WANKHEDE,787979,471222,https://results.eci.gov.in/PcResultGenJune2024/candidateswise-S125.htm
85,TIKAMGARH(6),DR. VIRENDRA KUMAR,715050,403312,https://results.eci.gov.in/PcResultGenJune2024/candidateswise-S126.htm
86,DAMOH(7),RAHUL SINGH LODHI,709768,406426,https://results.eci.gov.in/PcResultGenJune2024/candidateswise-S127.htm
87,KHAJURAHO(8),VISHNU DATT SHARMA (V.D.SHARMA),772774,541229,https://results.eci.gov.in/PcResultGenJune2024/candidateswise-S128.htm
88,SATNA(9),GANESH SINGH,459728,84949,https://results.eci.gov.in/PcResultGenJune2024/candidateswise-S129.htm
89,REWA(10),JANARDAN MISHRA,477459,193374,https://results.eci.gov.in/PcResultGenJune2024/candidateswise-S1210.htm
90,SIDHI(11),DR. RAJESH MISHRA,583559,206416,https://results.eci.gov.in/PcResultGenJune2024/candidateswise-S1211.htm
91,SHAHDOL(12),SMT. HIMADRI SINGH,711143,397340,https://results.eci.gov.in/PcResultGenJune2024/candidateswise-S1212.htm
92,JABALPUR(13),ASHISH DUBEY,790133,486674,https://results.eci.gov.in/PcResultGenJune2024/candidateswise-S1213.htm
93,MANDLA(14),FAGGAN SINGH KULASTE,751375,103846,https://results.eci.gov.in/PcResultGenJune2024/candidateswise-S1214.htm
94,BALAGHAT(15),BHARTI PARDHI,712660,174512,https://results.eci.gov.in/PcResultGenJune2024/candidateswise-S1215.htm
95,CHHINDWARA(16),BUNTY VIVEK SAHU,644738,113618,https://results.eci.gov.in/PcResultGenJune2024/candidateswise-S1216.htm
96,HOSHANGABAD(17),DARSHAN SINGH CHOUDHARY,812147,431696,https://results.eci.gov.in/PcResultGenJune2024/candidateswise-S1217.htm
97,VIDISHA(18),SHIVRAJ SINGH CHOUHAN,1116460,821408,https://results.eci.gov.in/PcResultGenJune2024/candidateswise-S1218.htm
98,BHOPAL(19),ALOK SHARMA,981109,501499,https://results.eci.gov.in/PcResultGenJune2024/candidateswise-S1219.htm
99,RAJGARH(20),RODMAL NAGAR,758743,146089,https://results.eci.gov.in/PcResultGenJune2024/candidateswise-S1220.htm
100,DEWAS(21),MAHENDRA SINGH SOLANKY,928941,425225,https://results.eci.gov.in/PcResultGenJune2024/candidateswise-S1221.htm
101,UJJAIN(22),ANIL FIROJIYA,836104,375860,https://results.eci.gov.in/PcResultGenJune2024/candidateswise-S1222.htm
102,MANDSOUR(23),SUDHEER GUPTA,945761,500655,https://results.eci.gov.in/PcResultGenJune2024/candidateswise-S1223.htm
103,RATLAM(24),ANITA NAGARSINGH CHOUHAN,795863,207232,https://results.eci.gov.in/PcResultGenJune2024/candidateswise-S1224.htm
104,DHAR(25),SAVITRI THAKUR,794449,218665,https://results.eci.gov.in/PcResultGenJune2024/candidateswise-S1225.htm
105,INDORE(26),SHANKAR LALWANI,1226751,1175092,https://results.eci.gov.in/PcResultGenJune2024/candidateswise-S1226.htm
106,KHARGONE(27),GAJENDRA SINGH PATEL,819863,135018,https://results.eci.gov.in/PcResultGenJune2024/candidateswise-S1227.htm
107,KHANDWA(28),GYANESHWAR PATIL,862679,269971,https://results.eci.gov.in/PcResultGenJune2024/candidateswise-S1228.htm
108,BETUL(29),DURGADAS (D. D.) UIKEY,848236,379761,https://results.eci.gov.in/PcResultGenJune2024/candidateswise-S1229.htm
109,Jalgaon(3),SMITA UDAY WAGH,674428,251594,https://results.eci.gov.in/PcResultGenJune2024/candidateswise-S133.htm
110,Raver(4),KHADSE RAKSHA NIKHIL,630879,272183,https://results.eci.gov.in/PcResultGenJune2024/candidateswise-S134.htm
111,Akola(6),ANUP SANJAY DHOTRE,457030,40626,https://results.eci.gov.in/PcResultGenJune2024/candidateswise-S136.htm
112,Nagpur(10),NITIN JAIRAM GADKARI,655027,137603,https://results.eci.gov.in/PcResultGenJune2024/candidateswise-S1310.htm
113,Palghar(22),DR. HEMANT VISHNU SAVARA,601244,183306,https://results.eci.gov.in/PcResultGenJune2024/candidateswise-S1322.htm
114,Mumbai North(26),PIYUSH GOYAL,680146,357608,https://results.eci.gov.in/PcResultGenJune2024/candidateswise-S1326.htm
115,Pune(34),MURLIDHAR MOHOL,584728,123038,https://results.eci.gov.in/PcResultGenJune2024/candidateswise-S1334.htm
116,Satara(45),SHRIMANT CHH UDAYANRAJE PRATAPSINHAMAHARAJ BHONSLE,571134,32771,https://results.eci.gov.in/PcResultGenJune2024/candidateswise-S1345.htm
117,Ratnagiri- Sindhudurg(46),NARAYAN TATU RANE,448514,47858,https://results.eci.gov.in/PcResultGenJune2024/candidateswise-S1346.htm
118,Bargarh(1),PRADEEP PUROHIT,716359,251667,https://results.eci.gov.in/PcResultGenJune2024/candidateswise-S181.htm
119,Sundargarh(2),JUAL ORAM,494282,138808,https://results.eci.gov.in/PcResultGenJune2024/candidateswise-S182.htm
120,Sambalpur(3),DHARMENDRA PRADHAN,592162,119836,https://results.eci.gov.in/PcResultGenJune2024/candidateswise-S183.htm
121,Keonjhar(4),ANANTA NAYAK,573923,97042,https://results.eci.gov.in/PcResultGenJune2024/candidateswise-S184.htm
122,Mayurbhanj(5),NABA CHARAN MAJHI,585971,219334,https://results.eci.gov.in/PcResultGenJune2024/candidateswise-S185.htm
123,Balasore(6),PRATAP CHANDRA SARANGI,563865,147156,https://results.eci.gov.in/PcResultGenJune2024/candidateswise-S186.htm
124,Bhadrak(7),AVIMANYU SETHI,573319,91544,https://results.eci.gov.in/PcResultGenJune2024/candidateswise-S187.htm
125,Jajpur(8),RABINDRA NARAYAN BEHERA,534239,1587,https://results.eci.gov.in/PcResultGenJune2024/candidateswise-S188.htm
126,Dhenkanal(9),RUDRA NARAYAN PANY,598721,76567,https://results.eci.gov.in/PcResultGenJune2024/candidateswise-S189.htm
127,Bolangir(10),SANGEETA KUMARI SINGH DEO,617744,132664,https://results.eci.gov.in/PcResultGenJune2024/candidateswise-S1810.htm
128,Kalahandi(11),MALVIKA DEVI,544303,133813,https://results.eci.gov.in/PcResultGenJune2024/candidateswise-S1811.htm
129,Nabarangpur(12),BALABHADRA MAJHI,481396,87536,https://results.eci.gov.in/PcResultGenJune2024/candidateswise-S1812.htm
130,Kandhamal(13),SUKANTA KUMAR PANIGRAHI,416415,21371,https://results.eci.gov.in/PcResultGenJune2024/candidateswise-S1813.htm
131,Cuttack(14),BHARTRUHARI MAHTAB,531601,57077,https://results.eci.gov.in/PcResultGenJune2024/candidateswise-S1814.htm
132,Kendrapara(15),BAIJAYANT PANDA,615705,66536,https://results.eci.gov.in/PcResultGenJune2024/candidateswise-S1815.htm
133,Jagatsinghpur(16),BIBHU PRASAD TARAI,589093,40696,https://results.eci.gov.in/PcResultGenJune2024/candidateswise-S1816.htm
134,Puri(17),SAMBIT PATRA,629330,104709,https://results.eci.gov.in/PcResultGenJune2024/candidateswise-S1817.htm
135,Bhubaneswar(18),APARAJITA SARANGI,512519,35152,https://results.eci.gov.in/PcResultGenJune2024/candidateswise-S1818.htm
136,Aska(19),ANITA SUBHADARSHINI,494226,99974,https://results.eci.gov.in/PcResultGenJune2024/candidateswise-S1819.htm
137,Berhampur(20),DR. PRADEEP KUMAR PANIGRAHY,513102,165476,https://results.eci.gov.in/PcResultGenJune2024/candidateswise-S1820.htm
138,BIKANER (2),ARJUN RAM MEGHWAL,566737,55711,https://results.eci.gov.in/PcResultGenJune2024/candidateswise-S202.htm
139,JAIPUR RURAL(6),RAO RAJENDRA SINGH,617877,1615,https://results.eci.gov.in/PcResultGenJune2024/candidateswise-S206.htm
140,JAIPUR(7),MANJU SHARMA,886850,331767,https://results.eci.gov.in/PcResultGenJune2024/candidateswise-S207.htm
141,ALWAR(8),BHUPENDER YADAV,631992,48282,https://results.eci.gov.in/PcResultGenJune2024/candidateswise-S208.htm
142,AJMER (13),BHAGIRATH CHOUDHARY,747462,329991,https://results.eci.gov.in/PcResultGenJune2024/candidateswise-S2013.htm
143,PALI(15),P. P. CHAUDHARY,757389,245351,https://results.eci.gov.in/PcResultGenJune2024/candidateswise-S2015.htm
144,JODHPUR(16),GAJENDRA SINGH SHEKHAWAT,730056,115677,https://results.eci.gov.in/PcResultGenJune2024/candidateswise-S2016.htm
145,JALORE (18),LUMBARAM,796783,201543,https://results.eci.gov.in/PcResultGenJune2024/candidateswise-S2018.htm
146,UDAIPUR (19),MANNA LAL RAWAT,738286,261608,https://results.eci.gov.in/PcResultGenJune2024/candidateswise-S2019.htm
147,CHITTORGARH(21),CHANDRA PRAKASH JOSHI,888202,389877,https://results.eci.gov.in/PcResultGenJune2024/candidateswise-S2021.htm
148,RAJSAMAND(22),MAHIMA KUMARI MEWAR,781203,392223,https://results.eci.gov.in/PcResultGenJune2024/candidateswise-S2022.htm
149,BHILWARA(23),DAMODAR AGARWAL,807640,354606,https://results.eci.gov.in/PcResultGenJune2024/candidateswise-S2023.htm
150,KOTA(24),OM BIRLA,750496,41974,https://results.eci.gov.in/PcResultGenJune2024/candidateswise-S2024.htm
151,JHALAWAR-BARAN(25),DUSHYANT SINGH,865376,370989,https://results.eci.gov.in/PcResultGenJune2024/candidateswise-S2025.htm
152,Tripura West(1),BIPLAB KUMAR DEB,881341,611578,https://results.eci.gov.in/PcResultGenJune2024/candidateswise-S231.htm
153,Tripura East(2),KRITI DEVI DEBBARMAN,777447,486819,https://results.eci.gov.in/PcResultGenJune2024/candidateswise-S232.htm
154,Amroha(9),KANWAR SINGH TANWAR,476506,28670,https://results.eci.gov.in/PcResultGenJune2024/candidateswise-S249.htm
155,Meerut(10),ARUN GOVIL,546469,10585,https://results.eci.gov.in/PcResultGenJune2024/candidateswise-S2410.htm
156,Ghaziabad(12),ATUL GARG,854170,336965,https://results.eci.gov.in/PcResultGenJune2024/candidateswise-S2412.htm
157,Gautam Buddha Nagar(13),DR. MAHESH SHARMA,857829,559472,https://results.eci.gov.in/PcResultGenJune2024/candidateswise-S2413.htm
158,Bulandshahr(14),DR BHOLA SINGH,597310,275134,https://results.eci.gov.in/PcResultGenJune2024/candidateswise-S2414.htm
159,Aligarh(15),SATISH KUMAR GAUTAM,501834,15647,https://results.eci.gov.in/PcResultGenJune2024/candidateswise-S2415.htm
160,Hathras(16),ANOOP PRADHAN BALMIKI,554746,247318,https://results.eci.gov.in/PcResultGenJune2024/candidateswise-S2416.htm
161,Mathura(17),HEMAMALINI DHARMENDRA DEOL,510064,293407,https://results.eci.gov.in/PcResultGenJune2024/candidateswise-S2417.htm
162,Agra(18),PROF S P SINGH BAGHEL,599397,271294,https://results.eci.gov.in/PcResultGenJune2024/candidateswise-S2418.htm
163,Fatehpur Sikri(19),RAJKUMAR CHAHAR,445657,43405,https://results.eci.gov.in/PcResultGenJune2024/candidateswise-S2419.htm
164,Bareilly(25),CHHATRA PAL SINGH GANGWAR,567127,34804,https://results.eci.gov.in/PcResultGenJune2024/candidateswise-S2425.htm
165,Pilibhit(26),JITIN PRASADA,607158,164935,https://results.eci.gov.in/PcResultGenJune2024/candidateswise-S2426.htm
166,Shahjahanpur(27),ARUN KUMAR SAGAR,592718,55379,https://results.eci.gov.in/PcResultGenJune2024/candidateswise-S2427.htm
167,Hardoi(31),JAI PRAKASH,486798,27856,https://results.eci.gov.in/PcResultGenJune2024/candidateswise-S2431.htm
168,Misrikh(32),ASHOK KUMAR RAWAT,475016,33406,https://results.eci.gov.in/PcResultGenJune2024/candidateswise-S2432.htm
169,Unnao(33),SWAMI SACHCHIDANAND HARI SAKSHI,616133,35818,https://results.eci.gov.in/PcResultGenJune2024/candidateswise-S2433.htm
170,Lucknow(35),RAJ NATH SINGH,612709,135159,https://results.eci.gov.in/PcResultGenJune2024/candidateswise-S2435.htm
171,Farrukhabad(40),MUKESH RAJPUT,487963,2678,https://results.eci.gov.in/PcResultGenJune2024/candidateswise-S2440.htm
172,Kanpur(43),RAMESH AWASTHI,443055,20968,https://results.eci.gov.in/PcResultGenJune2024/candidateswise-S2443.htm
173,Akbarpur(44),DEVENDRA SINGH ALIAS BHOLE SINGH,517423,44345,https://results.eci.gov.in/PcResultGenJune2024/candidateswise-S2444.htm
174,Jhansi(46),ANURAG SHARMA,690316,102614,https://results.eci.gov.in/PcResultGenJune2024/candidateswise-S2446.htm
175,Phulpur(51),PRAVEEN PATEL,452600,4332,https://results.eci.gov.in/PcResultGenJune2024/candidateswise-S2451.htm
176,Baharaich(56),ANAND KUMAR,518802,64227,https://results.eci.gov.in/PcResultGenJune2024/candidateswise-S2456.htm
177,Kaiserganj(57),KARAN BHUSHAN SINGH,571263,148843,https://results.eci.gov.in/PcResultGenJune2024/candidateswise-S2457.htm
178,Gonda(59),KIRTIVARDHAN SINGH,474258,46224,https://results.eci.gov.in/PcResultGenJune2024/candidateswise-S2459.htm
179,Domariyaganj(60),JAGDAMBIKA PAL,463303,42728,https://results.eci.gov.in/PcResultGenJune2024/candidateswise-S2460.htm
180,Maharajganj(63),PANKAJ CHAUDHARY,591310,35451,https://results.eci.gov.in/PcResultGenJune2024/candidateswise-S2463.htm
181,Gorakhpur(64),RAVINDRA SHUKLA ALIAS RAVI KISHAN,585834,103526,https://results.eci.gov.in/PcResultGenJune2024/candidateswise-S2464.htm
182,Kushi Nagar(65),VIJAY KUMAR DUBAY,516345,81790,https://results.eci.gov.in/PcResultGenJune2024/candidateswise-S2465.htm
183,Deoria(66),SHASHANK MANI,504541,34842,https://results.eci.gov.in/PcResultGenJune2024/candidateswise-S2466.htm
184,Bansgaon(67),KAMLESH PASWAN,428693,3150,https://results.eci.gov.in/PcResultGenJune2024/candidateswise-S2467.htm
185,Varanasi(77),NARENDRA MODI,612970,152513,https://results.eci.gov.in/PcResultGenJune2024/candidateswise-S2477.htm
186,Bhadohi(78),DR. VINOD KUMAR BIND,459982,44072,https://results.eci.gov.in/PcResultGenJune2024/candidateswise-S2478.htm
187,Alipurduars(2),MANOJ TIGGA,695314,75447,https://results.eci.gov.in/PcResultGenJune2024/candidateswise-S252.htm
188,Jalpaiguri(3),DR JAYANTA KUMAR ROY,766568,86693,https://results.eci.gov.in/PcResultGenJune2024/candidateswise-S253.htm
189,Darjeeling(4),RAJU BISTA,679331,178525,https://results.eci.gov.in/PcResultGenJune2024/candidateswise-S254.htm
190,Raiganj(5),KARTICK CHANDRA PAUL,560897,68197,https://results.eci.gov.in/PcResultGenJune2024/candidateswise-S255.htm
191,Balurghat(6),SUKANTA MAJUMDAR,574996,10386,https://results.eci.gov.in/PcResultGenJune2024/candidateswise-S256.htm
192,Maldaha Uttar(7),KHAGEN MURMU,527023,77708,https://results.eci.gov.in/PcResultGenJune2024/candidateswise-S257.htm
193,Ranaghat(13),JAGANNATH SARKAR,782396,186899,https://results.eci.gov.in/PcResultGenJune2024/candidateswise-S2513.htm
194,Bangaon(14),SHANTANU THAKUR,719505,73693,https://results.eci.gov.in/PcResultGenJune2024/candidateswise-S2514.htm
195,Tamluk(30),ABHIJIT GANGOPADHYAY,765584,77733,https://results.eci.gov.in/PcResultGenJune2024/candidateswise-S2530.htm
196,Kanthi(31),ADHIKARI SOUMENDU,763195,47764,https://results.eci.gov.in/PcResultGenJune2024/candidateswise-S2531.htm
197,Purulia(35),JYOTIRMAY SINGH MAHATO,578489,17079,https://results.eci.gov.in/PcResultGenJune2024/candidateswise-S2535.htm
198,Bishnupur(37),KHAN SAUMITRA,680130,5567,https://results.eci.gov.in/PcResultGenJune2024/candidateswise-S2537.htm
199,SURGUJA(1),CHINTAMANI MAHARAJ,713200,64822,https://results.eci.gov.in/PcResultGenJune2024/candidateswise-S261.htm
200,RAIGARH(2),RADHESHYAM RATHIYA,808275,240391,https://results.eci.gov.in/PcResultGenJune2024/candidateswise-S262.htm
201,JANJGIR-CHAMPA(3),KAMLESH JANGDE,678199,60000,https://results.eci.gov.in/PcResultGenJune2024/candidateswise-S263.htm
202,BILASPUR(5),TOKHAN SAHU,724937,164558,https://results.eci.gov.in/PcResultGenJune2024/candidateswise-S265.htm
203,RAJNANDGAON(6),SANTOSH PANDEY,712057,44411,https://results.eci.gov.in/PcResultGenJune2024/candidateswise-S266.htm
204,DURG(7),VIJAY BAGHEL,956497,438226,https://results.eci.gov.in/PcResultGenJune2024/candidateswise-S267.htm
205,RAIPUR(8),BRIJMOHAN AGRAWAL,1050351,575285,https://results.eci.gov.in/PcResultGenJune2024/candidateswise-S268.htm
206,MAHASAMUND(9),ROOP KUMARI CHOUDHARY,703659,145456,https://results.eci.gov.in/PcResultGenJune2024/candidateswise-S269.htm
207,BASTAR(10),MAHESH KASHYAP,458398,55245,https://results.eci.gov.in/PcResultGenJune2024/candidateswise-S2610.htm
208,KANKER(11),BHOJRAJ NAG,597624,1884,https://results.eci.gov.in/PcResultGenJune2024/candidateswise-S2611.htm
209,Godda(3),NISHIKANT DUBEY,693140,101813,https://results.eci.gov.in/PcResultGenJune2024/candidateswise-S273.htm
210,Chatra(4),KALI CHARAN SINGH,574556,220959,https://results.eci.gov.in/PcResultGenJune2024/candidateswise-S274.htm
211,Kodarma(5),ANNPURNA DEVI,791657,377014,https://results.eci.gov.in/PcResultGenJune2024/candidateswise-S275.htm
212,Dhanbad(7),DULU MAHATO,789172,331583,https://results.eci.gov.in/PcResultGenJune2024/candidateswise-S277.htm
213,Ranchi(8),SANJAY SETH,664732,120512,https://results.eci.gov.in/PcResultGenJune2024/candidateswise-S278.htm
214,Jamshedpur(9),BIDYUT BARAN MAHATO,726174,259782,https://results.eci.gov.in/PcResultGenJune2024/candidateswise-S279.htm
215,Palamau(13),VISHNU DAYAL RAM,770362,288807,https://results.eci.gov.in/PcResultGenJune2024/candidateswise-S2713.htm
216,Hazaribagh(14),MANISH JAISWAL,654613,276686,https://results.eci.gov.in/PcResultGenJune2024/candidateswise-S2714.htm
217,Tehri Garhwal(1),MALA RAJYA LAKSHMI SHAH,462603,272493,https://results.eci.gov.in/PcResultGenJune2024/candidateswise-S281.htm
218,Garhwal(2),ANIL BALUNI,432159,163503,https://results.eci.gov.in/PcResultGenJune2024/candidateswise-S282.htm
219,Almora(3),AJAY TAMTA,429167,234097,https://results.eci.gov.in/PcResultGenJune2024/candidateswise-S283.htm
220,Nainital-Udhamsingh Nagar(4),AJAY BHATT,772671,334548,https://results.eci.gov.in/PcResultGenJune2024/candidateswise-S284.htm
221,Haridwar(5),TRIVENDRA SINGH RAWAT,653808,164056,https://results.eci.gov.in/PcResultGenJune2024/candidateswise-S285.htm
222,Adilabad (1),GODAM NAGESH,568168,90652,https://results.eci.gov.in/PcResultGenJune2024/candidateswise-S291.htm
223,Karimnagar (3),BANDI SANJAY KUMAR,585116,225209,https://results.eci.gov.in/PcResultGenJune2024/candidateswise-S293.htm
224,Nizamabad(4),ARVIND DHARMAPURI,592318,109241,https://results.eci.gov.in/PcResultGenJune2024/candidateswise-S294.htm
225,Medak(6),MADHAVANENI RAGHUNANDAN RAO,471217,39139,https://results.eci.gov.in/PcResultGenJune2024/candidateswise-S296.htm
226,Malkajgiri(7),EATALA RAJENDER,991042,391475,https://results.eci.gov.in/PcResultGenJune2024/candidateswise-S297.htm
227,Secunderabad(8),G. KISHAN REDDY,473012,49944,https://results.eci.gov.in/PcResultGenJune2024/candidateswise-S298.htm
228,Chevella(10),KONDA VISHWESHWAR REDDY,809882,172897,https://results.eci.gov.in/PcResultGenJune2024/candidateswise-S2910.htm
229,Mahbubnagar(11),ARUNA. D. K,510747,4500,https://results.eci.gov.in/PcResultGenJune2024/candidateswise-S2911.htm
230,Andaman & Nicobar Islands(1),BISHNU PADA RAY,102436,24396,https://results.eci.gov.in/PcResultGenJune2024/candidateswise-U011.htm
231,Dadar & Nagar Haveli(2),DELKAR KALABEN MOHANBHAI,121074,57584,https://results.eci.gov.in/PcResultGenJune2024/candidateswise-U032.htm
232,Chandni Chowk(1),PRAVEEN KHANDELWAL,516496,89325,https://results.eci.gov.in/PcResultGenJune2024/candidateswise-U051.htm
233,North-East Delhi(2),MANOJ TIWARI,824451,138778,https://results.eci.gov.in/PcResultGenJune2024/candidateswise-U052.htm
234,East Delhi(3),HARSH MALHOTRA,664819,93663,https://results.eci.gov.in/PcResultGenJune2024/candidateswise-U053.htm
235,New Delhi(4),BANSURI SWARAJ,453185,78370,https://results.eci.gov.in/PcResultGenJune2024/candidateswise-U054.htm
236,North-West Delhi(5),YOGENDER CHANDOLIYA,866483,290849,https://results.eci.gov.in/PcResultGenJune2024/candidateswise-U055.htm
237,West Delhi(6),KAMALJEET SEHRAWAT,842658,199013,https://results.eci.gov.in/PcResultGenJune2024/candidateswise-U056.htm
238,South Delhi(7),RAMVIR SINGH BIDHURI,692832,124333,https://results.eci.gov.in/PcResultGenJune2024/candidateswise-U057.htm
239,UDHAMPUR(4),DR JITENDRA SINGH,571076,124373,https://results.eci.gov.in/PcResultGenJune2024/candidateswise-U084.htm
240,JAMMU(5),JUGAL KISHORE,687588,135498,https://results.eci.gov.in/PcResultGenJune2024/candidateswise-U085.htm
